district,week,avg_temp,weekly_rainfall,avg_humidity
Adilabad,1,25.2,0.3,55.2
Adilabad,2,23.4,2.7,48.6
Adilabad,3,24.2,8.9,45.4
Adilabad,4,26.0,1.8,45.7
Adilabad,5,25.7,9.6,45.6
Adilabad,6,20.1,4.2,46.5
Adilabad,7,20.3,7.0,52.8
Adilabad,8,25.9,1.5,49.0
Adilabad,9,32.3,0.2,36.6
Adilabad,10,32.1,5.2,31.7
Adilabad,11,39.2,2.5,31.3
Adilabad,12,36.9,8.6,32.2
Adilabad,13,38.2,5.7,40.9
Adilabad,14,36.6,11.8,40.5
Adilabad,15,36.1,8.8,39.7
Adilabad,16,30.1,3.6,32.6
Adilabad,17,38.5,7.5,39.4
Adilabad,18,40.8,8.8,42.6
Adilabad,19,31.0,10.3,38.3
Adilabad,20,32.7,7.1,30.7
Adilabad,21,31.3,41.3,73.6
Adilabad,22,30.3,25.3,60.2
Adilabad,23,32.3,44.6,82.8
Adilabad,24,28.5,52.7,78.8
Adilabad,25,32.9,48.7,60.4
Adilabad,26,28.8,63.9,77.7
Adilabad,27,31.4,66.7,82.5
Adilabad,28,29.9,61.6,72.2
Adilabad,29,31.6,31.0,81.9
Adilabad,30,29.1,68.0,76.6
Adilabad,31,33.7,67.2,78.9
Adilabad,32,32.9,30.1,68.7
Adilabad,33,26.8,36.7,65.6
Adilabad,34,27.9,73.6,82.2
Adilabad,35,30.6,25.8,71.2
Adilabad,36,26.7,62.4,73.8
Adilabad,37,30.1,42.2,78.6
Adilabad,38,27.9,74.4,79.7
Adilabad,39,31.4,66.5,60.8
Adilabad,40,27.2,62.5,66.6
Adilabad,41,24.5,15.7,56.9
Adilabad,42,23.8,12.1,63.6
Adilabad,43,26.1,15.6,60.1
Adilabad,44,22.1,13.3,60.7
Adilabad,45,27.1,18.0,58.5
Adilabad,46,27.6,19.3,50.9
Adilabad,47,27.7,7.9,51.6
Adilabad,48,25.6,11.3,61.1
Adilabad,49,28.1,5.5,61.6
Adilabad,50,24.2,17.5,55.4
Adilabad,51,30.0,9.5,64.2
Adilabad,52,27.9,15.2,61.4
Bhadradri Kothagudem,1,22.2,10.0,54.2
Bhadradri Kothagudem,2,22.9,4.5,48.6
Bhadradri Kothagudem,3,25.8,7.4,51.6
Bhadradri Kothagudem,4,22.8,4.3,55.2
Bhadradri Kothagudem,5,23.1,8.2,56.5
Bhadradri Kothagudem,6,24.3,4.7,56.7
Bhadradri Kothagudem,7,23.5,9.2,47.5
Bhadradri Kothagudem,8,24.7,5.6,49.8
Bhadradri Kothagudem,9,41.5,6.9,42.2
Bhadradri Kothagudem,10,34.7,5.1,30.8
Bhadradri Kothagudem,11,34.9,5.3,42.4
Bhadradri Kothagudem,12,39.4,13.5,36.7
Bhadradri Kothagudem,13,41.2,6.0,35.4
Bhadradri Kothagudem,14,36.2,5.8,34.7
Bhadradri Kothagudem,15,30.8,1.1,37.2
Bhadradri Kothagudem,16,40.6,13.0,30.8
Bhadradri Kothagudem,17,38.5,3.5,31.5
Bhadradri Kothagudem,18,35.2,1.3,43.0
Bhadradri Kothagudem,19,33.6,11.4,32.2
Bhadradri Kothagudem,20,30.1,2.5,38.2
Bhadradri Kothagudem,21,30.5,52.7,75.2
Bhadradri Kothagudem,22,33.8,55.0,83.5
Bhadradri Kothagudem,23,32.1,35.6,77.2
Bhadradri Kothagudem,24,30.5,42.8,73.3
Bhadradri Kothagudem,25,31.6,74.6,67.2
Bhadradri Kothagudem,26,33.9,53.8,81.1
Bhadradri Kothagudem,27,27.5,49.3,70.2
Bhadradri Kothagudem,28,28.1,51.5,70.7
Bhadradri Kothagudem,29,30.9,32.4,64.8
Bhadradri Kothagudem,30,33.2,63.4,78.6
Bhadradri Kothagudem,31,32.6,44.4,82.0
Bhadradri Kothagudem,32,26.7,30.4,62.3
Bhadradri Kothagudem,33,27.8,37.3,70.9
Bhadradri Kothagudem,34,30.3,56.2,70.4
Bhadradri Kothagudem,35,30.6,71.8,77.2
Bhadradri Kothagudem,36,32.4,45.5,69.3
Bhadradri Kothagudem,37,29.2,29.4,84.9
Bhadradri Kothagudem,38,32.0,42.5,66.8
Bhadradri Kothagudem,39,32.0,58.1,80.4
Bhadradri Kothagudem,40,33.9,55.9,60.5
Bhadradri Kothagudem,41,26.1,12.8,62.8
Bhadradri Kothagudem,42,22.8,9.2,65.0
Bhadradri Kothagudem,43,24.8,16.7,51.5
Bhadradri Kothagudem,44,29.2,7.2,64.5
Bhadradri Kothagudem,45,26.3,19.9,57.5
Bhadradri Kothagudem,46,29.5,5.4,58.6
Bhadradri Kothagudem,47,26.5,11.2,64.4
Bhadradri Kothagudem,48,24.8,10.4,57.9
Bhadradri Kothagudem,49,22.7,8.4,51.7
Bhadradri Kothagudem,50,28.0,18.2,51.1
Bhadradri Kothagudem,51,23.0,7.2,61.2
Bhadradri Kothagudem,52,28.6,14.4,61.5
Hanumakonda,1,21.8,3.1,59.6
Hanumakonda,2,20.6,1.1,53.2
Hanumakonda,3,25.6,6.6,45.5
Hanumakonda,4,21.2,5.6,53.1
Hanumakonda,5,25.8,1.3,49.8
Hanumakonda,6,25.2,1.4,48.9
Hanumakonda,7,24.6,6.9,51.4
Hanumakonda,8,21.2,2.0,52.2
Hanumakonda,9,33.5,2.4,40.9
Hanumakonda,10,41.9,7.2,31.2
Hanumakonda,11,39.5,5.8,32.6
Hanumakonda,12,30.3,3.7,36.7
Hanumakonda,13,32.2,4.6,31.1
Hanumakonda,14,31.4,13.7,33.1
Hanumakonda,15,33.1,6.3,31.9
Hanumakonda,16,41.6,10.3,38.2
Hanumakonda,17,35.2,3.6,39.6
Hanumakonda,18,40.3,10.6,35.9
Hanumakonda,19,39.7,12.1,43.2
Hanumakonda,20,39.2,14.1,44.2
Hanumakonda,21,32.1,50.5,76.5
Hanumakonda,22,31.0,42.7,72.3
Hanumakonda,23,32.7,49.4,63.4
Hanumakonda,24,27.9,37.1,65.5
Hanumakonda,25,32.0,69.2,70.4
Hanumakonda,26,33.2,61.9,77.8
Hanumakonda,27,29.4,32.4,70.5
Hanumakonda,28,30.6,64.9,61.4
Hanumakonda,29,31.7,32.7,70.3
Hanumakonda,30,32.6,25.7,62.8
Hanumakonda,31,28.8,63.5,80.5
Hanumakonda,32,28.3,44.8,84.6
Hanumakonda,33,30.8,54.3,61.5
Hanumakonda,34,33.4,37.4,82.0
Hanumakonda,35,33.0,40.1,83.7
Hanumakonda,36,31.1,68.0,65.9
Hanumakonda,37,28.5,58.4,82.9
Hanumakonda,38,28.6,42.4,71.9
Hanumakonda,39,33.6,29.4,81.2
Hanumakonda,40,28.9,56.2,84.8
Hanumakonda,41,22.4,18.8,58.3
Hanumakonda,42,24.7,12.4,54.0
Hanumakonda,43,22.7,10.4,62.6
Hanumakonda,44,24.8,15.5,53.7
Hanumakonda,45,29.0,16.8,50.5
Hanumakonda,46,23.3,20.0,63.2
Hanumakonda,47,27.0,6.2,61.0
Hanumakonda,48,24.3,7.8,61.9
Hanumakonda,49,25.2,5.2,57.1
Hanumakonda,50,22.4,16.9,57.0
Hanumakonda,51,24.7,18.3,63.1
Hanumakonda,52,28.1,19.9,63.2
Hyderabad,1,23.3,0.2,54.2
Hyderabad,2,21.1,9.8,58.5
Hyderabad,3,24.7,5.9,49.5
Hyderabad,4,22.6,0.6,46.5
Hyderabad,5,23.6,9.7,58.9
Hyderabad,6,24.8,4.8,50.3
Hyderabad,7,22.4,8.9,55.5
Hyderabad,8,23.1,5.4,47.3
Hyderabad,9,38.1,7.5,33.0
Hyderabad,10,40.7,4.8,34.8
Hyderabad,11,35.5,12.8,45.0
Hyderabad,12,34.2,0.3,36.6
Hyderabad,13,40.2,5.4,38.6
Hyderabad,14,41.5,8.4,40.4
Hyderabad,15,37.1,2.8,33.3
Hyderabad,16,39.5,6.9,37.1
Hyderabad,17,34.4,9.9,34.0
Hyderabad,18,35.6,13.2,39.9
Hyderabad,19,35.9,7.1,40.9
Hyderabad,20,30.1,10.9,43.7
Hyderabad,21,31.2,65.1,72.3
Hyderabad,22,27.5,65.8,76.5
Hyderabad,23,29.4,64.5,79.1
Hyderabad,24,30.0,66.6,76.5
Hyderabad,25,28.1,43.2,63.2
Hyderabad,26,32.0,52.9,76.5
Hyderabad,27,26.4,66.7,78.4
Hyderabad,28,32.0,52.4,68.2
Hyderabad,29,27.1,75.3,78.9
Hyderabad,30,31.3,50.9,79.3
Hyderabad,31,29.7,48.6,84.1
Hyderabad,32,28.9,74.9,70.7
Hyderabad,33,30.4,74.7,74.2
Hyderabad,34,29.9,64.2,68.7
Hyderabad,35,29.6,55.6,67.1
Hyderabad,36,28.7,72.3,64.5
Hyderabad,37,33.0,45.8,64.0
Hyderabad,38,28.4,64.3,63.8
Hyderabad,39,32.4,42.3,66.9
Hyderabad,40,33.8,64.1,81.8
Hyderabad,41,27.7,6.1,55.3
Hyderabad,42,25.8,11.5,58.9
Hyderabad,43,27.6,10.6,53.9
Hyderabad,44,28.7,6.8,64.0
Hyderabad,45,24.3,13.9,52.4
Hyderabad,46,26.5,12.6,64.9
Hyderabad,47,26.3,13.5,52.3
Hyderabad,48,26.9,8.9,61.1
Hyderabad,49,27.5,16.5,56.7
Hyderabad,50,29.5,16.7,51.2
Hyderabad,51,22.9,6.8,52.4
Hyderabad,52,27.6,10.9,53.1
Jagtial,1,21.2,8.6,47.9
Jagtial,2,21.7,7.1,48.6
Jagtial,3,21.4,1.3,55.6
Jagtial,4,22.7,5.8,52.8
Jagtial,5,25.3,8.5,56.7
Jagtial,6,22.7,0.2,50.7
Jagtial,7,23.9,6.1,45.9
Jagtial,8,20.1,7.7,57.6
Jagtial,9,34.2,9.7,41.4
Jagtial,10,39.0,4.9,35.4
Jagtial,11,34.8,2.3,30.2
Jagtial,12,36.6,5.5,32.3
Jagtial,13,41.5,8.6,41.2
Jagtial,14,36.8,4.2,40.7
Jagtial,15,40.3,12.9,37.4
Jagtial,16,33.4,12.8,31.1
Jagtial,17,31.4,10.9,42.2
Jagtial,18,38.0,2.4,44.8
Jagtial,19,36.4,2.4,34.8
Jagtial,20,41.3,5.5,39.1
Jagtial,21,28.9,48.7,80.1
Jagtial,22,32.7,53.0,79.7
Jagtial,23,30.4,26.1,71.1
Jagtial,24,33.5,75.0,70.0
Jagtial,25,28.9,40.4,69.6
Jagtial,26,31.9,58.3,66.5
Jagtial,27,30.2,59.3,66.0
Jagtial,28,33.9,56.4,82.2
Jagtial,29,27.3,61.0,84.8
Jagtial,30,31.0,33.3,65.2
Jagtial,31,33.9,78.5,70.9
Jagtial,32,31.4,60.8,67.8
Jagtial,33,32.3,57.2,62.5
Jagtial,34,26.4,35.7,60.8
Jagtial,35,31.8,63.5,71.4
Jagtial,36,28.5,70.2,78.7
Jagtial,37,33.0,56.8,84.3
Jagtial,38,27.5,66.2,70.1
Jagtial,39,33.3,73.9,76.4
Jagtial,40,33.7,80.0,80.3
Jagtial,41,23.1,18.1,61.4
Jagtial,42,27.6,5.0,62.3
Jagtial,43,25.3,11.5,59.9
Jagtial,44,24.2,13.4,52.7
Jagtial,45,24.2,12.8,57.4
Jagtial,46,27.1,9.0,56.4
Jagtial,47,24.7,16.9,56.6
Jagtial,48,24.8,10.1,51.8
Jagtial,49,27.4,10.2,62.0
Jagtial,50,25.5,11.2,59.9
Jagtial,51,23.0,5.9,62.1
Jagtial,52,26.4,5.4,57.5
Jangaon,1,25.7,9.8,57.4
Jangaon,2,20.4,0.7,53.5
Jangaon,3,25.0,6.8,49.3
Jangaon,4,21.6,8.7,57.4
Jangaon,5,23.4,0.2,57.3
Jangaon,6,23.5,2.6,52.9
Jangaon,7,21.8,5.1,52.7
Jangaon,8,22.7,8.7,49.2
Jangaon,9,37.3,12.2,38.8
Jangaon,10,33.8,0.2,33.8
Jangaon,11,30.1,9.8,33.4
Jangaon,12,31.2,5.8,30.7
Jangaon,13,35.4,5.7,41.7
Jangaon,14,31.6,2.8,31.9
Jangaon,15,38.8,0.8,40.3
Jangaon,16,30.9,14.0,31.0
Jangaon,17,33.3,4.4,36.2
Jangaon,18,40.9,4.7,34.6
Jangaon,19,38.3,1.1,34.9
Jangaon,20,31.5,4.7,38.9
Jangaon,21,28.4,66.2,77.1
Jangaon,22,27.2,80.0,66.5
Jangaon,23,26.9,50.4,61.6
Jangaon,24,30.2,79.5,75.8
Jangaon,25,29.2,66.0,62.3
Jangaon,26,26.0,68.6,65.0
Jangaon,27,26.6,26.3,83.4
Jangaon,28,26.2,39.8,63.2
Jangaon,29,31.5,22.1,64.6
Jangaon,30,30.7,24.2,75.8
Jangaon,31,28.8,53.5,71.0
Jangaon,32,27.3,26.7,65.7
Jangaon,33,32.7,61.6,82.4
Jangaon,34,31.9,72.0,73.4
Jangaon,35,27.5,49.9,81.0
Jangaon,36,28.1,68.3,79.2
Jangaon,37,27.8,74.3,78.7
Jangaon,38,29.7,37.3,66.4
Jangaon,39,33.8,68.8,74.0
Jangaon,40,33.6,35.9,64.0
Jangaon,41,25.5,11.5,62.7
Jangaon,42,24.6,7.9,56.8
Jangaon,43,22.4,10.9,62.0
Jangaon,44,22.9,15.5,56.4
Jangaon,45,23.6,9.7,56.2
Jangaon,46,27.0,19.4,64.6
Jangaon,47,23.9,9.6,61.8
Jangaon,48,22.8,7.8,59.6
Jangaon,49,23.4,13.6,63.7
Jangaon,50,22.9,11.8,53.9
Jangaon,51,23.8,14.3,60.6
Jangaon,52,26.3,15.2,53.5
Jayashankar Bhupalpally,1,22.1,2.5,56.1
Jayashankar Bhupalpally,2,24.8,9.2,48.2
Jayashankar Bhupalpally,3,24.2,5.1,57.4
Jayashankar Bhupalpally,4,21.1,3.3,53.1
Jayashankar Bhupalpally,5,21.2,8.2,50.7
Jayashankar Bhupalpally,6,22.9,1.6,58.2
Jayashankar Bhupalpally,7,23.7,6.4,49.2
Jayashankar Bhupalpally,8,21.7,3.1,50.8
Jayashankar Bhupalpally,9,41.0,6.4,41.2
Jayashankar Bhupalpally,10,34.8,7.5,44.8
Jayashankar Bhupalpally,11,40.4,13.8,36.8
Jayashankar Bhupalpally,12,38.1,9.4,31.0
Jayashankar Bhupalpally,13,37.1,6.0,44.9
Jayashankar Bhupalpally,14,32.0,0.3,30.1
Jayashankar Bhupalpally,15,41.9,14.7,40.8
Jayashankar Bhupalpally,16,31.9,3.1,39.8
Jayashankar Bhupalpally,17,41.3,14.7,37.2
Jayashankar Bhupalpally,18,36.1,1.8,39.2
Jayashankar Bhupalpally,19,31.6,10.1,43.5
Jayashankar Bhupalpally,20,30.1,10.9,38.4
Jayashankar Bhupalpally,21,27.5,25.6,65.1
Jayashankar Bhupalpally,22,26.8,36.9,72.2
Jayashankar Bhupalpally,23,33.1,74.9,67.3
Jayashankar Bhupalpally,24,33.9,46.5,73.8
Jayashankar Bhupalpally,25,26.7,69.3,77.9
Jayashankar Bhupalpally,26,31.7,54.3,76.0
Jayashankar Bhupalpally,27,26.5,45.7,72.1
Jayashankar Bhupalpally,28,29.2,65.2,80.9
Jayashankar Bhupalpally,29,33.9,20.3,75.8
Jayashankar Bhupalpally,30,33.6,66.6,65.8
Jayashankar Bhupalpally,31,29.1,62.9,64.8
Jayashankar Bhupalpally,32,33.7,75.4,75.7
Jayashankar Bhupalpally,33,29.3,23.1,81.0
Jayashankar Bhupalpally,34,30.8,61.9,79.5
Jayashankar Bhupalpally,35,30.8,30.5,81.4
Jayashankar Bhupalpally,36,28.8,24.7,81.7
Jayashankar Bhupalpally,37,31.0,48.0,82.8
Jayashankar Bhupalpally,38,27.6,71.1,79.2
Jayashankar Bhupalpally,39,33.9,76.5,61.3
Jayashankar Bhupalpally,40,32.5,65.6,84.4
Jayashankar Bhupalpally,41,28.6,8.4,64.1
Jayashankar Bhupalpally,42,28.3,6.7,56.0
Jayashankar Bhupalpally,43,22.9,14.8,61.4
Jayashankar Bhupalpally,44,25.5,5.7,54.3
Jayashankar Bhupalpally,45,23.5,12.8,56.3
Jayashankar Bhupalpally,46,25.3,14.5,56.2
Jayashankar Bhupalpally,47,29.8,10.6,60.7
Jayashankar Bhupalpally,48,28.6,12.7,53.2
Jayashankar Bhupalpally,49,29.8,10.4,60.1
Jayashankar Bhupalpally,50,29.3,10.3,54.6
Jayashankar Bhupalpally,51,29.1,17.9,54.2
Jayashankar Bhupalpally,52,24.3,18.2,64.6
Jogulamba Gadwal,1,23.5,1.4,54.6
Jogulamba Gadwal,2,21.7,1.3,45.7
Jogulamba Gadwal,3,25.8,9.2,47.8
Jogulamba Gadwal,4,20.9,7.0,55.0
Jogulamba Gadwal,5,23.2,5.0,51.1
Jogulamba Gadwal,6,21.7,7.5,53.7
Jogulamba Gadwal,7,22.4,8.7,57.4
Jogulamba Gadwal,8,21.3,1.4,45.1
Jogulamba Gadwal,9,37.0,8.1,36.0
Jogulamba Gadwal,10,31.3,4.3,39.8
Jogulamba Gadwal,11,38.4,5.0,34.6
Jogulamba Gadwal,12,41.7,3.6,32.3
Jogulamba Gadwal,13,35.4,7.6,40.5
Jogulamba Gadwal,14,37.8,7.0,44.0
Jogulamba Gadwal,15,32.7,7.9,31.0
Jogulamba Gadwal,16,30.7,2.0,37.1
Jogulamba Gadwal,17,32.5,1.2,32.9
Jogulamba Gadwal,18,35.9,2.1,37.0
Jogulamba Gadwal,19,41.8,7.3,39.5
Jogulamba Gadwal,20,36.8,2.9,41.4
Jogulamba Gadwal,21,26.4,31.1,67.8
Jogulamba Gadwal,22,30.5,35.1,80.3
Jogulamba Gadwal,23,31.3,54.3,70.4
Jogulamba Gadwal,24,32.1,20.7,70.9
Jogulamba Gadwal,25,28.5,34.9,74.9
Jogulamba Gadwal,26,28.5,65.0,64.0
Jogulamba Gadwal,27,31.3,23.4,80.8
Jogulamba Gadwal,28,32.7,40.4,78.9
Jogulamba Gadwal,29,31.6,72.5,62.9
Jogulamba Gadwal,30,31.7,78.0,66.2
Jogulamba Gadwal,31,33.8,36.7,75.7
Jogulamba Gadwal,32,32.0,28.6,82.1
Jogulamba Gadwal,33,30.2,54.5,60.3
Jogulamba Gadwal,34,29.1,21.1,82.3
Jogulamba Gadwal,35,33.3,75.7,74.3
Jogulamba Gadwal,36,32.7,33.5,60.7
Jogulamba Gadwal,37,29.7,72.9,76.2
Jogulamba Gadwal,38,31.2,47.4,74.6
Jogulamba Gadwal,39,31.3,61.3,66.0
Jogulamba Gadwal,40,28.7,38.6,83.9
Jogulamba Gadwal,41,22.7,6.2,51.6
Jogulamba Gadwal,42,27.2,11.7,62.7
Jogulamba Gadwal,43,29.9,8.3,58.7
Jogulamba Gadwal,44,29.0,9.7,52.5
Jogulamba Gadwal,45,28.7,10.4,58.9
Jogulamba Gadwal,46,26.1,13.5,52.3
Jogulamba Gadwal,47,26.1,9.2,63.2
Jogulamba Gadwal,48,29.3,8.2,60.5
Jogulamba Gadwal,49,25.7,16.8,56.6
Jogulamba Gadwal,50,25.7,6.2,54.7
Jogulamba Gadwal,51,24.2,5.5,59.6
Jogulamba Gadwal,52,28.1,6.4,50.3
Kamareddy,1,23.2,9.0,58.0
Kamareddy,2,20.7,3.2,53.6
Kamareddy,3,23.4,4.7,58.8
Kamareddy,4,25.5,0.7,51.2
Kamareddy,5,25.8,0.1,51.0
Kamareddy,6,20.4,5.5,56.9
Kamareddy,7,23.4,1.3,56.2
Kamareddy,8,23.1,8.1,55.2
Kamareddy,9,35.0,1.5,41.2
Kamareddy,10,34.8,1.5,38.6
Kamareddy,11,35.6,12.0,40.9
Kamareddy,12,38.1,5.4,39.4
Kamareddy,13,40.2,6.2,39.1
Kamareddy,14,40.7,0.0,37.0
Kamareddy,15,40.2,6.9,39.2
Kamareddy,16,30.8,5.9,37.5
Kamareddy,17,41.5,3.5,34.2
Kamareddy,18,36.9,9.2,32.4
Kamareddy,19,32.0,10.7,38.9
Kamareddy,20,32.4,0.4,42.3
Kamareddy,21,28.1,56.9,69.9
Kamareddy,22,31.5,31.0,64.4
Kamareddy,23,27.2,56.8,82.9
Kamareddy,24,30.9,56.8,82.6
Kamareddy,25,30.3,51.3,63.2
Kamareddy,26,31.2,61.3,80.1
Kamareddy,27,27.6,45.5,79.7
Kamareddy,28,31.3,49.7,72.7
Kamareddy,29,33.1,73.0,74.4
Kamareddy,30,30.2,73.7,67.3
Kamareddy,31,33.0,60.8,62.9
Kamareddy,32,33.8,42.9,73.3
Kamareddy,33,26.1,28.7,79.0
Kamareddy,34,27.7,77.1,70.4
Kamareddy,35,30.5,20.1,68.6
Kamareddy,36,29.6,63.3,76.5
Kamareddy,37,27.5,21.5,65.7
Kamareddy,38,28.1,44.8,74.0
Kamareddy,39,29.0,28.9,77.7
Kamareddy,40,31.5,41.7,73.4
Kamareddy,41,27.5,11.1,57.7
Kamareddy,42,23.0,5.7,54.3
Kamareddy,43,22.4,12.5,62.7
Kamareddy,44,29.8,9.0,59.0
Kamareddy,45,23.8,12.2,60.6
Kamareddy,46,25.5,18.8,56.3
Kamareddy,47,29.3,10.9,56.4
Kamareddy,48,26.6,14.2,61.2
Kamareddy,49,23.9,11.3,52.9
Kamareddy,50,28.9,18.3,53.1
Kamareddy,51,25.1,12.0,53.5
Kamareddy,52,27.3,19.3,52.2
Karimnagar,1,23.0,9.7,57.1
Karimnagar,2,20.0,0.9,54.6
Karimnagar,3,22.2,1.8,54.4
Karimnagar,4,21.3,8.3,47.5
Karimnagar,5,20.3,0.3,50.0
Karimnagar,6,25.5,6.3,47.6
Karimnagar,7,24.8,0.9,50.8
Karimnagar,8,24.7,0.9,53.6
Karimnagar,9,39.4,14.9,40.1
Karimnagar,10,38.0,8.6,35.6
Karimnagar,11,38.6,1.0,44.8
Karimnagar,12,41.2,5.0,39.4
Karimnagar,13,33.3,14.5,42.8
Karimnagar,14,31.8,4.9,35.0
Karimnagar,15,39.5,7.5,44.0
Karimnagar,16,32.1,3.6,31.9
Karimnagar,17,35.0,4.3,35.2
Karimnagar,18,39.8,9.6,43.6
Karimnagar,19,31.6,14.5,44.5
Karimnagar,20,37.3,2.5,36.6
Karimnagar,21,28.5,72.1,65.1
Karimnagar,22,27.7,34.1,74.7
Karimnagar,23,33.0,49.0,74.9
Karimnagar,24,28.2,60.5,69.5
Karimnagar,25,28.3,40.7,69.2
Karimnagar,26,27.1,26.9,70.5
Karimnagar,27,26.1,49.6,64.0
Karimnagar,28,28.3,63.0,75.7
Karimnagar,29,31.1,49.0,64.6
Karimnagar,30,33.8,76.1,78.7
Karimnagar,31,27.1,51.3,79.2
Karimnagar,32,26.8,68.7,80.1
Karimnagar,33,31.2,63.8,78.9
Karimnagar,34,30.9,45.4,72.8
Karimnagar,35,32.8,55.5,74.2
Karimnagar,36,33.5,43.2,63.4
Karimnagar,37,32.7,31.3,67.8
Karimnagar,38,28.7,42.6,82.6
Karimnagar,39,26.1,62.6,73.8
Karimnagar,40,33.3,69.5,79.7
Karimnagar,41,23.8,9.7,50.5
Karimnagar,42,23.7,18.0,62.7
Karimnagar,43,27.3,7.1,52.7
Karimnagar,44,29.5,12.6,61.3
Karimnagar,45,25.0,12.8,62.7
Karimnagar,46,29.9,19.5,62.7
Karimnagar,47,26.2,6.8,54.6
Karimnagar,48,27.8,19.3,59.6
Karimnagar,49,29.0,7.4,58.6
Karimnagar,50,29.3,11.9,51.5
Karimnagar,51,24.9,10.3,51.6
Karimnagar,52,26.0,14.2,64.6
Khammam,1,24.2,0.2,55.7
Khammam,2,22.1,5.7,48.6
Khammam,3,24.7,1.4,50.4
Khammam,4,21.9,8.2,50.2
Khammam,5,21.2,1.6,55.9
Khammam,6,21.3,8.7,49.5
Khammam,7,24.4,2.9,58.4
Khammam,8,23.6,1.2,53.8
Khammam,9,32.0,4.9,42.7
Khammam,10,32.8,5.0,37.6
Khammam,11,37.9,11.6,41.1
Khammam,12,34.1,9.6,31.9
Khammam,13,37.6,12.6,31.6
Khammam,14,36.8,6.7,38.9
Khammam,15,37.7,3.2,40.7
Khammam,16,34.6,9.1,36.1
Khammam,17,31.3,9.4,33.8
Khammam,18,36.0,6.1,42.4
Khammam,19,35.1,3.8,35.7
Khammam,20,42.0,6.8,41.4
Khammam,21,27.3,72.2,80.2
Khammam,22,32.0,59.6,68.2
Khammam,23,31.0,58.7,84.9
Khammam,24,32.5,58.8,80.0
Khammam,25,27.7,31.5,83.2
Khammam,26,27.7,69.4,79.7
Khammam,27,33.3,28.5,74.1
Khammam,28,33.2,28.2,80.2
Khammam,29,33.8,55.1,68.8
Khammam,30,26.9,51.9,64.7
Khammam,31,30.7,47.5,66.1
Khammam,32,27.9,51.2,76.4
Khammam,33,27.1,21.6,82.3
Khammam,34,33.4,58.3,72.6
Khammam,35,29.8,30.0,83.3
Khammam,36,26.1,20.3,80.6
Khammam,37,31.1,31.8,83.2
Khammam,38,26.5,73.6,79.6
Khammam,39,30.3,77.2,67.1
Khammam,40,27.7,29.2,72.7
Khammam,41,25.5,7.8,55.1
Khammam,42,23.7,18.1,58.6
Khammam,43,23.8,17.7,60.5
Khammam,44,27.5,17.4,50.5
Khammam,45,29.2,17.4,51.9
Khammam,46,23.1,14.7,55.2
Khammam,47,22.3,17.8,59.4
Khammam,48,28.2,17.8,53.3
Khammam,49,22.7,11.6,57.5
Khammam,50,25.7,13.6,50.8
Khammam,51,28.8,8.0,52.7
Khammam,52,25.5,15.7,64.3
Komaram Bheem Asifabad,1,20.9,7.4,54.3
Komaram Bheem Asifabad,2,21.8,9.7,47.5
Komaram Bheem Asifabad,3,21.4,8.7,48.2
Komaram Bheem Asifabad,4,25.7,4.6,57.7
Komaram Bheem Asifabad,5,22.2,7.4,54.8
Komaram Bheem Asifabad,6,25.7,1.5,56.5
Komaram Bheem Asifabad,7,21.1,4.6,53.4
Komaram Bheem Asifabad,8,24.7,7.1,47.6
Komaram Bheem Asifabad,9,34.1,14.0,43.2
Komaram Bheem Asifabad,10,40.3,1.8,44.0
Komaram Bheem Asifabad,11,34.3,0.0,39.2
Komaram Bheem Asifabad,12,30.4,0.4,36.0
Komaram Bheem Asifabad,13,31.6,11.0,33.6
Komaram Bheem Asifabad,14,36.3,8.3,31.8
Komaram Bheem Asifabad,15,30.9,11.0,41.2
Komaram Bheem Asifabad,16,41.1,12.0,37.2
Komaram Bheem Asifabad,17,36.8,3.6,42.8
Komaram Bheem Asifabad,18,30.9,0.2,44.7
Komaram Bheem Asifabad,19,36.8,11.2,32.2
Komaram Bheem Asifabad,20,31.7,11.3,38.8
Komaram Bheem Asifabad,21,27.4,61.6,78.9
Komaram Bheem Asifabad,22,29.5,22.4,76.1
Komaram Bheem Asifabad,23,28.8,73.6,69.3
Komaram Bheem Asifabad,24,32.3,54.7,67.5
Komaram Bheem Asifabad,25,31.0,73.9,65.4
Komaram Bheem Asifabad,26,27.9,33.0,70.7
Komaram Bheem Asifabad,27,29.2,79.0,64.2
Komaram Bheem Asifabad,28,27.7,61.9,84.9
Komaram Bheem Asifabad,29,27.8,33.5,82.9
Komaram Bheem Asifabad,30,30.0,60.1,77.3
Komaram Bheem Asifabad,31,26.8,69.3,81.7
Komaram Bheem Asifabad,32,32.5,68.1,66.8
Komaram Bheem Asifabad,33,28.8,34.6,83.2
Komaram Bheem Asifabad,34,28.0,55.8,80.2
Komaram Bheem Asifabad,35,31.3,52.3,67.0
Komaram Bheem Asifabad,36,28.8,54.5,61.4
Komaram Bheem Asifabad,37,33.9,75.2,83.4
Komaram Bheem Asifabad,38,31.7,36.6,81.0
Komaram Bheem Asifabad,39,30.8,57.2,83.5
Komaram Bheem Asifabad,40,26.8,73.1,81.5
Komaram Bheem Asifabad,41,22.6,18.6,62.6
Komaram Bheem Asifabad,42,23.1,10.2,55.0
Komaram Bheem Asifabad,43,23.7,19.0,57.7
Komaram Bheem Asifabad,44,28.4,14.4,56.0
Komaram Bheem Asifabad,45,24.4,5.7,53.5
Komaram Bheem Asifabad,46,27.5,6.1,64.0
Komaram Bheem Asifabad,47,24.5,17.6,62.4
Komaram Bheem Asifabad,48,28.7,12.0,52.7
Komaram Bheem Asifabad,49,24.5,8.3,55.9
Komaram Bheem Asifabad,50,24.6,7.6,50.1
Komaram Bheem Asifabad,51,27.0,5.1,55.6
Komaram Bheem Asifabad,52,25.5,13.2,52.3
Mahabubabad,1,20.5,1.0,52.5
Mahabubabad,2,20.3,9.4,60.0
Mahabubabad,3,23.3,5.0,46.2
Mahabubabad,4,22.3,3.0,54.3
Mahabubabad,5,23.7,1.5,46.2
Mahabubabad,6,25.2,4.9,59.0
Mahabubabad,7,21.6,0.9,50.6
Mahabubabad,8,21.1,4.4,47.2
Mahabubabad,9,41.2,12.6,44.0
Mahabubabad,10,33.7,2.7,32.6
Mahabubabad,11,41.5,3.7,42.9
Mahabubabad,12,40.2,9.4,35.8
Mahabubabad,13,33.1,4.9,38.5
Mahabubabad,14,35.1,10.9,38.4
Mahabubabad,15,34.2,8.1,44.3
Mahabubabad,16,33.0,0.3,34.8
Mahabubabad,17,31.6,2.7,31.5
Mahabubabad,18,30.6,14.1,37.7
Mahabubabad,19,32.8,11.0,30.4
Mahabubabad,20,36.0,11.1,36.8
Mahabubabad,21,29.2,65.7,64.3
Mahabubabad,22,26.7,69.4,79.9
Mahabubabad,23,31.0,50.3,68.0
Mahabubabad,24,28.9,57.6,67.2
Mahabubabad,25,34.0,75.5,82.9
Mahabubabad,26,27.0,40.2,75.5
Mahabubabad,27,27.3,49.4,66.8
Mahabubabad,28,31.3,57.5,66.0
Mahabubabad,29,26.3,60.9,74.5
Mahabubabad,30,33.8,35.7,78.0
Mahabubabad,31,30.0,59.7,77.5
Mahabubabad,32,31.6,31.6,73.2
Mahabubabad,33,33.1,69.7,64.2
Mahabubabad,34,28.4,33.1,80.9
Mahabubabad,35,31.8,33.5,63.9
Mahabubabad,36,29.7,22.0,68.7
Mahabubabad,37,31.1,21.1,72.9
Mahabubabad,38,27.1,38.5,83.7
Mahabubabad,39,33.6,54.4,73.2
Mahabubabad,40,33.1,36.3,84.2
Mahabubabad,41,27.2,15.3,63.8
Mahabubabad,42,22.5,8.6,50.5
Mahabubabad,43,25.1,19.3,56.5
Mahabubabad,44,24.0,9.8,58.0
Mahabubabad,45,27.4,15.4,63.0
Mahabubabad,46,23.2,11.7,56.5
Mahabubabad,47,26.0,9.0,58.5
Mahabubabad,48,29.0,9.0,54.0
Mahabubabad,49,23.8,16.0,52.5
Mahabubabad,50,27.6,5.8,54.0
Mahabubabad,51,29.1,10.0,57.9
Mahabubabad,52,23.8,18.4,50.3
Mahabubnagar,1,24.5,1.3,52.4
Mahabubnagar,2,25.4,5.3,54.1
Mahabubnagar,3,22.3,1.4,51.7
Mahabubnagar,4,21.7,3.1,51.4
Mahabubnagar,5,21.5,9.1,56.7
Mahabubnagar,6,20.2,1.2,48.3
Mahabubnagar,7,22.3,3.5,54.0
Mahabubnagar,8,24.8,9.0,58.9
Mahabubnagar,9,37.3,4.2,32.6
Mahabubnagar,10,36.7,3.8,40.2
Mahabubnagar,11,38.1,8.6,33.4
Mahabubnagar,12,38.8,14.9,36.4
Mahabubnagar,13,39.9,10.0,40.8
Mahabubnagar,14,40.4,13.1,35.2
Mahabubnagar,15,41.1,12.3,36.1
Mahabubnagar,16,40.6,8.8,32.2
Mahabubnagar,17,39.1,11.9,32.3
Mahabubnagar,18,40.0,7.7,41.6
Mahabubnagar,19,41.2,1.8,35.5
Mahabubnagar,20,40.0,0.8,32.7
Mahabubnagar,21,32.5,52.6,60.3
Mahabubnagar,22,32.0,59.8,76.4
Mahabubnagar,23,26.3,31.1,73.9
Mahabubnagar,24,31.6,36.1,73.0
Mahabubnagar,25,29.0,62.8,67.3
Mahabubnagar,26,28.0,45.7,72.0
Mahabubnagar,27,31.4,60.8,65.4
Mahabubnagar,28,28.7,70.7,63.6
Mahabubnagar,29,28.0,68.5,83.7
Mahabubnagar,30,28.1,68.7,72.9
Mahabubnagar,31,31.7,68.3,82.7
Mahabubnagar,32,27.1,23.6,63.4
Mahabubnagar,33,28.4,58.8,64.0
Mahabubnagar,34,27.1,42.4,74.0
Mahabubnagar,35,27.9,27.5,78.7
Mahabubnagar,36,28.2,63.0,85.0
Mahabubnagar,37,29.3,57.4,75.7
Mahabubnagar,38,33.2,43.6,70.8
Mahabubnagar,39,30.2,43.9,75.9
Mahabubnagar,40,28.2,21.8,79.4
Mahabubnagar,41,29.5,10.1,51.1
Mahabubnagar,42,22.6,11.8,63.3
Mahabubnagar,43,30.0,6.7,62.2
Mahabubnagar,44,27.0,9.7,63.6
Mahabubnagar,45,26.9,6.4,64.3
Mahabubnagar,46,28.1,14.1,51.8
Mahabubnagar,47,23.5,13.7,51.0
Mahabubnagar,48,26.4,12.4,59.7
Mahabubnagar,49,23.7,6.1,56.7
Mahabubnagar,50,28.4,16.1,61.2
Mahabubnagar,51,30.0,14.1,50.9
Mahabubnagar,52,24.7,7.5,57.1
Mancherial,1,21.5,3.0,57.9
Mancherial,2,21.6,0.5,59.0
Mancherial,3,23.6,3.3,59.5
Mancherial,4,24.9,3.8,46.5
Mancherial,5,20.5,6.4,53.4
Mancherial,6,20.4,8.3,45.8
Mancherial,7,20.6,5.8,46.1
Mancherial,8,26.0,4.1,56.9
Mancherial,9,39.7,10.7,35.8
Mancherial,10,31.3,7.2,31.5
Mancherial,11,37.5,4.2,38.7
Mancherial,12,33.0,5.7,41.4
Mancherial,13,35.7,0.8,41.2
Mancherial,14,34.9,3.5,32.5
Mancherial,15,38.3,6.8,37.1
Mancherial,16,31.7,9.7,36.9
Mancherial,17,33.9,1.6,34.9
Mancherial,18,32.6,4.7,35.5
Mancherial,19,38.4,1.0,44.0
Mancherial,20,32.8,9.3,36.8
Mancherial,21,26.1,30.6,65.9
Mancherial,22,28.1,54.6,63.3
Mancherial,23,27.4,52.4,70.6
Mancherial,24,33.7,49.0,80.4
Mancherial,25,30.3,45.1,71.8
Mancherial,26,26.2,70.9,76.6
Mancherial,27,32.2,58.7,64.9
Mancherial,28,33.9,34.0,63.4
Mancherial,29,28.6,35.5,65.4
Mancherial,30,30.8,72.6,79.9
Mancherial,31,32.0,48.5,82.4
Mancherial,32,29.2,70.6,75.7
Mancherial,33,33.6,54.0,71.0
Mancherial,34,33.6,77.6,66.8
Mancherial,35,29.0,66.9,60.7
Mancherial,36,32.2,50.4,70.2
Mancherial,37,29.9,52.1,81.4
Mancherial,38,32.9,66.8,62.8
Mancherial,39,30.3,78.8,81.1
Mancherial,40,29.5,54.0,77.3
Mancherial,41,24.6,13.7,57.0
Mancherial,42,26.8,14.7,54.7
Mancherial,43,27.0,7.3,59.4
Mancherial,44,27.1,7.6,63.8
Mancherial,45,27.2,15.1,60.1
Mancherial,46,28.8,11.4,61.2
Mancherial,47,27.5,18.3,60.6
Mancherial,48,26.9,12.0,54.7
Mancherial,49,28.6,15.4,61.7
Mancherial,50,24.0,13.0,63.2
Mancherial,51,22.9,9.3,63.3
Mancherial,52,25.2,14.3,60.4
Medak,1,24.1,2.2,55.9
Medak,2,22.6,8.9,57.6
Medak,3,20.7,2.0,58.9
Medak,4,24.8,5.8,58.2
Medak,5,23.1,8.2,55.0
Medak,6,21.1,0.7,57.9
Medak,7,21.5,6.4,52.4
Medak,8,25.3,7.4,45.8
Medak,9,35.3,6.1,35.1
Medak,10,32.1,0.1,39.0
Medak,11,33.6,7.3,32.7
Medak,12,32.2,13.3,35.4
Medak,13,40.5,2.4,41.7
Medak,14,42.0,9.3,33.6
Medak,15,33.2,1.1,31.2
Medak,16,31.4,5.1,37.3
Medak,17,41.0,0.1,38.5
Medak,18,38.7,7.3,32.1
Medak,19,34.3,1.1,42.6
Medak,20,31.6,11.3,34.0
Medak,21,28.8,63.5,83.1
Medak,22,27.8,37.6,74.7
Medak,23,32.5,25.2,68.9
Medak,24,32.0,73.0,75.8
Medak,25,27.2,64.6,76.4
Medak,26,31.9,53.1,67.1
Medak,27,28.0,31.0,78.2
Medak,28,26.2,77.5,63.6
Medak,29,27.1,56.7,78.6
Medak,30,26.9,76.5,82.4
Medak,31,32.0,55.0,78.0
Medak,32,26.6,23.1,62.6
Medak,33,30.5,72.5,62.1
Medak,34,31.6,66.3,84.2
Medak,35,32.5,73.2,81.8
Medak,36,31.1,33.2,82.6
Medak,37,30.8,76.2,67.2
Medak,38,32.5,35.6,65.6
Medak,39,27.7,52.6,65.4
Medak,40,31.9,64.9,60.1
Medak,41,23.2,15.3,64.9
Medak,42,27.3,17.6,50.6
Medak,43,25.3,12.7,54.6
Medak,44,28.2,15.0,57.5
Medak,45,24.5,16.9,58.3
Medak,46,28.6,18.0,58.0
Medak,47,29.4,13.0,63.6
Medak,48,27.8,6.9,53.4
Medak,49,23.8,9.7,56.8
Medak,50,29.8,6.0,56.7
Medak,51,25.8,19.0,55.0
Medak,52,24.5,9.0,63.6
Medchal Malkajgiri,1,23.5,0.2,45.3
Medchal Malkajgiri,2,23.4,4.7,49.3
Medchal Malkajgiri,3,23.2,8.2,46.2
Medchal Malkajgiri,4,24.3,4.9,53.0
Medchal Malkajgiri,5,25.1,0.6,54.3
Medchal Malkajgiri,6,22.6,0.1,51.9
Medchal Malkajgiri,7,21.5,1.5,47.7
Medchal Malkajgiri,8,25.4,8.3,54.1
Medchal Malkajgiri,9,36.6,12.4,43.9
Medchal Malkajgiri,10,30.5,1.8,35.0
Medchal Malkajgiri,11,36.9,2.5,38.2
Medchal Malkajgiri,12,37.2,12.4,42.0
Medchal Malkajgiri,13,37.2,3.3,32.9
Medchal Malkajgiri,14,39.0,3.1,43.0
Medchal Malkajgiri,15,39.8,12.2,34.9
Medchal Malkajgiri,16,36.5,11.3,41.0
Medchal Malkajgiri,17,39.8,14.7,41.4
Medchal Malkajgiri,18,31.2,9.8,33.2
Medchal Malkajgiri,19,31.6,12.7,41.7
Medchal Malkajgiri,20,39.8,4.8,43.9
Medchal Malkajgiri,21,32.2,20.1,65.6
Medchal Malkajgiri,22,26.7,23.0,64.9
Medchal Malkajgiri,23,33.8,79.4,62.2
Medchal Malkajgiri,24,26.9,42.2,63.7
Medchal Malkajgiri,25,28.1,49.8,64.1
Medchal Malkajgiri,26,33.6,42.7,65.8
Medchal Malkajgiri,27,29.1,75.6,79.7
Medchal Malkajgiri,28,29.4,58.8,62.3
Medchal Malkajgiri,29,27.6,52.9,65.5
Medchal Malkajgiri,30,27.8,58.1,70.0
Medchal Malkajgiri,31,29.3,67.2,65.2
Medchal Malkajgiri,32,31.5,40.6,82.3
Medchal Malkajgiri,33,33.4,21.6,62.8
Medchal Malkajgiri,34,30.7,62.6,67.0
Medchal Malkajgiri,35,32.8,42.9,63.3
Medchal Malkajgiri,36,27.6,36.3,75.9
Medchal Malkajgiri,37,29.1,43.5,68.8
Medchal Malkajgiri,38,33.4,33.3,60.7
Medchal Malkajgiri,39,29.0,38.4,69.8
Medchal Malkajgiri,40,29.6,71.4,68.5
Medchal Malkajgiri,41,26.3,14.1,61.4
Medchal Malkajgiri,42,27.2,8.4,51.8
Medchal Malkajgiri,43,28.2,7.6,62.2
Medchal Malkajgiri,44,23.4,13.0,53.5
Medchal Malkajgiri,45,24.9,15.6,54.2
Medchal Malkajgiri,46,28.0,10.3,54.1
Medchal Malkajgiri,47,29.0,7.9,54.5
Medchal Malkajgiri,48,27.5,14.4,53.9
Medchal Malkajgiri,49,27.6,5.6,54.1
Medchal Malkajgiri,50,24.4,15.1,58.6
Medchal Malkajgiri,51,22.6,7.4,55.2
Medchal Malkajgiri,52,29.5,7.1,58.9
Mulugu,1,24.0,0.7,58.7
Mulugu,2,25.9,8.8,53.3
Mulugu,3,24.5,7.6,50.9
Mulugu,4,25.3,5.2,58.8
Mulugu,5,24.3,8.2,45.9
Mulugu,6,25.2,5.8,52.7
Mulugu,7,20.7,0.1,50.4
Mulugu,8,20.1,4.2,49.9
Mulugu,9,32.2,11.0,36.0
Mulugu,10,37.8,13.0,45.0
Mulugu,11,39.3,10.4,30.3
Mulugu,12,37.6,0.4,41.9
Mulugu,13,39.1,1.7,32.4
Mulugu,14,41.2,12.9,44.6
Mulugu,15,38.3,5.9,33.8
Mulugu,16,37.9,13.5,30.4
Mulugu,17,34.7,9.1,43.7
Mulugu,18,36.2,14.2,31.2
Mulugu,19,36.5,6.3,35.9
Mulugu,20,31.1,3.8,30.7
Mulugu,21,30.8,44.5,68.1
Mulugu,22,32.1,65.8,81.0
Mulugu,23,29.4,53.8,80.0
Mulugu,24,30.0,59.1,82.6
Mulugu,25,32.0,73.9,73.0
Mulugu,26,28.8,53.6,65.9
Mulugu,27,26.7,40.4,73.3
Mulugu,28,31.4,39.4,81.2
Mulugu,29,27.9,76.2,80.4
Mulugu,30,32.9,56.7,60.7
Mulugu,31,28.5,37.8,74.3
Mulugu,32,30.3,49.8,61.7
Mulugu,33,30.5,77.3,75.9
Mulugu,34,27.8,38.3,82.6
Mulugu,35,27.2,44.3,77.6
Mulugu,36,33.5,57.7,61.7
Mulugu,37,28.5,76.6,74.7
Mulugu,38,27.7,35.3,80.6
Mulugu,39,32.2,60.8,62.7
Mulugu,40,33.4,75.6,72.4
Mulugu,41,22.4,10.9,60.6
Mulugu,42,27.8,6.8,62.4
Mulugu,43,28.6,6.3,57.9
Mulugu,44,24.7,13.2,62.5
Mulugu,45,26.5,11.5,63.6
Mulugu,46,22.7,5.7,58.7
Mulugu,47,26.6,16.7,55.8
Mulugu,48,30.0,16.6,59.9
Mulugu,49,25.7,9.9,50.8
Mulugu,50,22.7,11.3,54.5
Mulugu,51,27.7,19.1,52.3
Mulugu,52,30.0,15.4,61.5
Nagarkurnool,1,21.4,2.1,59.1
Nagarkurnool,2,20.1,9.8,50.8
Nagarkurnool,3,25.7,2.9,48.0
Nagarkurnool,4,25.2,2.3,49.7
Nagarkurnool,5,23.2,2.5,51.4
Nagarkurnool,6,24.1,4.8,49.4
Nagarkurnool,7,24.6,7.0,48.0
Nagarkurnool,8,25.8,1.2,49.1
Nagarkurnool,9,33.0,13.0,41.2
Nagarkurnool,10,36.0,9.8,37.6
Nagarkurnool,11,37.3,2.9,36.1
Nagarkurnool,12,39.4,5.0,32.0
Nagarkurnool,13,35.7,5.2,38.9
Nagarkurnool,14,39.4,2.4,41.9
Nagarkurnool,15,33.1,11.8,31.5
Nagarkurnool,16,35.0,11.6,40.7
Nagarkurnool,17,41.9,4.6,30.6
Nagarkurnool,18,41.5,0.9,44.2
Nagarkurnool,19,30.6,11.4,39.1
Nagarkurnool,20,30.6,1.3,39.6
Nagarkurnool,21,31.5,73.0,81.1
Nagarkurnool,22,32.3,26.1,84.0
Nagarkurnool,23,30.1,59.3,68.6
Nagarkurnool,24,30.9,35.8,79.2
Nagarkurnool,25,27.5,47.8,70.5
Nagarkurnool,26,28.2,29.2,61.5
Nagarkurnool,27,32.6,23.9,71.4
Nagarkurnool,28,28.7,46.0,68.9
Nagarkurnool,29,33.4,43.7,78.0
Nagarkurnool,30,30.7,67.0,60.5
Nagarkurnool,31,28.2,34.7,69.0
Nagarkurnool,32,33.4,57.5,83.8
Nagarkurnool,33,33.1,30.7,66.2
Nagarkurnool,34,33.7,56.8,70.9
Nagarkurnool,35,28.0,60.3,79.8
Nagarkurnool,36,27.7,58.4,71.5
Nagarkurnool,37,32.7,44.8,64.5
Nagarkurnool,38,26.2,72.8,72.7
Nagarkurnool,39,33.6,33.6,66.9
Nagarkurnool,40,26.9,44.6,78.5
Nagarkurnool,41,25.2,18.6,52.6
Nagarkurnool,42,28.4,18.4,51.8
Nagarkurnool,43,26.8,15.7,60.2
Nagarkurnool,44,23.2,6.6,56.7
Nagarkurnool,45,26.5,12.3,61.8
Nagarkurnool,46,23.8,19.6,59.6
Nagarkurnool,47,26.1,14.1,64.8
Nagarkurnool,48,25.3,9.9,56.9
Nagarkurnool,49,22.7,19.7,51.2
Nagarkurnool,50,24.5,17.0,54.1
Nagarkurnool,51,22.3,11.8,64.5
Nagarkurnool,52,28.5,17.5,61.7
Nalgonda,1,23.6,2.9,47.4
Nalgonda,2,25.5,0.8,48.7
Nalgonda,3,21.6,1.5,51.6
Nalgonda,4,21.0,2.6,55.2
Nalgonda,5,20.9,5.4,55.2
Nalgonda,6,23.5,1.5,59.8
Nalgonda,7,24.1,7.3,59.2
Nalgonda,8,21.6,4.0,59.0
Nalgonda,9,31.5,3.0,36.4
Nalgonda,10,39.1,14.2,40.8
Nalgonda,11,30.9,11.0,32.7
Nalgonda,12,40.9,7.7,40.8
Nalgonda,13,40.1,2.5,35.2
Nalgonda,14,38.9,3.1,44.9
Nalgonda,15,30.1,13.6,32.5
Nalgonda,16,37.1,3.8,38.0
Nalgonda,17,39.3,3.8,32.3
Nalgonda,18,34.0,4.0,36.8
Nalgonda,19,36.5,6.9,37.5
Nalgonda,20,41.7,5.6,41.2
Nalgonda,21,29.4,32.1,83.8
Nalgonda,22,28.7,60.8,80.6
Nalgonda,23,27.4,23.7,61.6
Nalgonda,24,29.2,76.1,66.4
Nalgonda,25,26.3,49.5,66.4
Nalgonda,26,28.8,78.2,79.2
Nalgonda,27,30.5,34.2,75.3
Nalgonda,28,29.7,76.8,67.6
Nalgonda,29,29.9,49.1,80.4
Nalgonda,30,27.4,56.2,67.8
Nalgonda,31,28.8,70.1,81.3
Nalgonda,32,26.0,43.5,63.7
Nalgonda,33,34.0,74.2,78.8
Nalgonda,34,28.7,75.1,60.5
Nalgonda,35,31.2,31.9,66.3
Nalgonda,36,27.8,42.2,65.4
Nalgonda,37,28.1,39.3,62.8
Nalgonda,38,31.2,31.3,64.0
Nalgonda,39,27.2,75.4,60.4
Nalgonda,40,29.7,49.8,67.7
Nalgonda,41,24.7,14.3,64.1
Nalgonda,42,26.4,5.0,55.0
Nalgonda,43,29.7,8.4,64.3
Nalgonda,44,23.9,19.3,60.9
Nalgonda,45,24.1,15.2,53.2
Nalgonda,46,22.2,5.5,63.9
Nalgonda,47,25.4,10.5,56.4
Nalgonda,48,28.3,13.5,53.1
Nalgonda,49,28.3,10.3,58.5
Nalgonda,50,25.2,17.3,56.2
Nalgonda,51,26.1,11.8,61.6
Nalgonda,52,29.4,7.1,58.5
Narayanpet,1,23.6,9.6,47.4
Narayanpet,2,25.2,0.5,50.3
Narayanpet,3,22.6,5.0,46.9
Narayanpet,4,24.4,1.0,57.6
Narayanpet,5,21.7,2.1,50.7
Narayanpet,6,21.8,4.9,47.3
Narayanpet,7,22.5,7.8,45.4
Narayanpet,8,21.5,0.4,57.3
Narayanpet,9,42.0,0.0,43.7
Narayanpet,10,34.2,7.1,40.3
Narayanpet,11,37.2,0.0,30.0
Narayanpet,12,41.6,5.0,36.0
Narayanpet,13,32.4,8.9,41.1
Narayanpet,14,30.3,8.7,30.1
Narayanpet,15,35.3,7.1,44.7
Narayanpet,16,39.8,10.9,31.8
Narayanpet,17,33.0,5.4,33.7
Narayanpet,18,30.8,5.1,34.5
Narayanpet,19,33.5,4.0,41.7
Narayanpet,20,39.8,9.9,34.7
Narayanpet,21,33.7,76.4,78.9
Narayanpet,22,26.4,71.9,61.3
Narayanpet,23,26.6,32.6,67.5
Narayanpet,24,26.8,35.4,75.7
Narayanpet,25,29.8,70.7,71.8
Narayanpet,26,28.2,46.4,72.6
Narayanpet,27,31.0,58.0,63.2
Narayanpet,28,33.4,45.1,65.1
Narayanpet,29,29.2,69.2,63.5
Narayanpet,30,30.7,44.1,79.8
Narayanpet,31,26.5,61.0,68.7
Narayanpet,32,29.4,35.4,65.6
Narayanpet,33,28.1,54.3,85.0
Narayanpet,34,31.0,67.9,82.2
Narayanpet,35,28.5,76.2,61.2
Narayanpet,36,31.9,52.7,66.0
Narayanpet,37,28.4,21.1,79.9
Narayanpet,38,30.0,77.4,78.7
Narayanpet,39,28.3,65.6,61.8
Narayanpet,40,30.8,63.2,82.5
Narayanpet,41,23.7,15.9,60.9
Narayanpet,42,23.7,17.6,60.0
Narayanpet,43,25.7,17.0,54.8
Narayanpet,44,28.1,14.8,54.2
Narayanpet,45,22.4,19.0,50.9
Narayanpet,46,26.7,9.9,59.5
Narayanpet,47,23.1,9.0,62.7
Narayanpet,48,23.6,5.6,64.0
Narayanpet,49,25.4,18.2,54.9
Narayanpet,50,23.3,9.0,51.2
Narayanpet,51,26.7,6.9,60.8
Narayanpet,52,27.8,6.4,56.9
Nirmal,1,22.9,6.4,57.8
Nirmal,2,25.3,2.1,59.7
Nirmal,3,25.2,9.2,54.8
Nirmal,4,22.1,3.2,54.2
Nirmal,5,20.6,5.0,50.4
Nirmal,6,24.8,8.9,45.5
Nirmal,7,25.8,10.0,55.7
Nirmal,8,21.1,6.6,54.2
Nirmal,9,32.2,3.5,43.6
Nirmal,10,40.8,2.3,36.6
Nirmal,11,31.4,10.3,40.6
Nirmal,12,36.5,7.5,34.2
Nirmal,13,33.1,11.6,31.7
Nirmal,14,31.7,7.8,36.1
Nirmal,15,39.7,7.4,36.6
Nirmal,16,40.8,8.3,30.7
Nirmal,17,33.2,12.2,35.5
Nirmal,18,34.5,6.6,35.9
Nirmal,19,37.9,12.0,40.2
Nirmal,20,35.1,1.4,39.7
Nirmal,21,32.9,36.4,75.1
Nirmal,22,28.6,59.1,60.5
Nirmal,23,27.1,34.2,72.7
Nirmal,24,32.9,36.3,69.5
Nirmal,25,27.1,39.7,84.8
Nirmal,26,27.5,58.7,66.8
Nirmal,27,29.2,64.3,77.0
Nirmal,28,32.6,60.2,67.6
Nirmal,29,29.4,76.0,76.7
Nirmal,30,31.3,71.6,64.7
Nirmal,31,32.9,79.7,62.3
Nirmal,32,28.9,61.1,76.6
Nirmal,33,30.8,32.4,82.7
Nirmal,34,26.3,46.7,71.8
Nirmal,35,26.8,62.3,68.2
Nirmal,36,29.0,39.2,62.7
Nirmal,37,33.7,41.5,63.0
Nirmal,38,29.5,31.6,62.7
Nirmal,39,31.4,67.4,72.6
Nirmal,40,27.1,62.6,76.0
Nirmal,41,22.6,18.6,61.4
Nirmal,42,23.3,17.6,63.1
Nirmal,43,24.9,5.2,64.6
Nirmal,44,27.4,11.9,55.4
Nirmal,45,22.3,15.8,63.5
Nirmal,46,26.9,15.8,54.0
Nirmal,47,27.9,19.3,59.9
Nirmal,48,25.9,18.4,56.3
Nirmal,49,25.8,14.6,55.8
Nirmal,50,29.1,9.4,56.6
Nirmal,51,29.5,13.5,64.0
Nirmal,52,23.3,16.4,63.4
Nizamabad,1,20.6,5.3,50.9
Nizamabad,2,24.8,9.8,56.5
Nizamabad,3,23.3,6.7,58.6
Nizamabad,4,21.3,9.9,47.2
Nizamabad,5,22.7,3.8,58.0
Nizamabad,6,23.5,2.3,57.7
Nizamabad,7,24.0,8.2,58.7
Nizamabad,8,20.0,0.6,50.8
Nizamabad,9,31.3,10.7,32.2
Nizamabad,10,37.7,7.8,44.2
Nizamabad,11,40.7,4.4,44.2
Nizamabad,12,41.8,7.4,37.9
Nizamabad,13,35.1,10.3,38.2
Nizamabad,14,35.3,12.0,41.5
Nizamabad,15,33.7,8.5,41.0
Nizamabad,16,31.4,14.6,39.0
Nizamabad,17,30.8,10.8,34.5
Nizamabad,18,31.8,11.3,34.1
Nizamabad,19,30.0,3.9,44.1
Nizamabad,20,39.4,0.7,30.2
Nizamabad,21,29.2,21.2,83.2
Nizamabad,22,32.6,30.4,82.2
Nizamabad,23,33.0,42.5,74.5
Nizamabad,24,33.9,24.4,78.0
Nizamabad,25,27.8,21.8,77.7
Nizamabad,26,28.5,66.8,75.2
Nizamabad,27,31.3,61.2,63.9
Nizamabad,28,33.7,20.3,69.2
Nizamabad,29,26.0,50.0,81.6
Nizamabad,30,32.8,26.0,68.9
Nizamabad,31,31.8,43.4,80.5
Nizamabad,32,27.2,53.3,72.2
Nizamabad,33,27.2,35.1,82.2
Nizamabad,34,31.8,45.5,74.6
Nizamabad,35,32.3,71.1,60.3
Nizamabad,36,27.2,36.6,74.7
Nizamabad,37,29.4,33.1,78.3
Nizamabad,38,29.2,75.7,62.9
Nizamabad,39,32.2,48.5,70.1
Nizamabad,40,29.9,24.3,73.0
Nizamabad,41,26.3,11.1,64.0
Nizamabad,42,28.5,14.5,57.2
Nizamabad,43,23.7,13.7,56.7
Nizamabad,44,26.4,10.6,64.8
Nizamabad,45,26.9,18.5,61.6
Nizamabad,46,28.8,15.8,54.8
Nizamabad,47,22.5,9.5,52.0
Nizamabad,48,22.8,11.4,58.0
Nizamabad,49,22.5,5.1,53.5
Nizamabad,50,25.9,17.3,58.0
Nizamabad,51,22.2,15.4,63.9
Nizamabad,52,27.8,15.6,53.4
Peddapalli,1,21.8,5.8,48.6
Peddapalli,2,23.4,0.4,50.1
Peddapalli,3,23.3,0.7,56.4
Peddapalli,4,21.5,1.3,56.5
Peddapalli,5,23.6,7.8,57.2
Peddapalli,6,22.5,7.4,49.8
Peddapalli,7,25.0,7.1,57.1
Peddapalli,8,20.1,3.9,52.3
Peddapalli,9,38.2,7.9,39.7
Peddapalli,10,31.0,13.7,44.9
Peddapalli,11,32.4,11.5,38.0
Peddapalli,12,34.1,3.0,36.2
Peddapalli,13,34.4,10.6,37.1
Peddapalli,14,33.8,6.4,39.2
Peddapalli,15,33.4,3.4,33.0
Peddapalli,16,38.6,10.1,45.0
Peddapalli,17,40.4,1.7,33.0
Peddapalli,18,30.6,9.0,43.1
Peddapalli,19,40.7,10.1,34.9
Peddapalli,20,38.5,8.4,40.8
Peddapalli,21,26.4,78.4,61.2
Peddapalli,22,31.9,26.6,76.7
Peddapalli,23,26.1,44.8,70.6
Peddapalli,24,27.6,75.2,66.4
Peddapalli,25,29.6,46.7,73.4
Peddapalli,26,27.1,75.1,64.5
Peddapalli,27,31.6,61.3,83.1
Peddapalli,28,28.2,55.9,62.9
Peddapalli,29,30.9,55.4,64.7
Peddapalli,30,26.5,57.6,83.8
Peddapalli,31,26.9,58.0,83.8
Peddapalli,32,31.1,48.2,82.7
Peddapalli,33,30.8,69.8,75.0
Peddapalli,34,33.4,33.0,63.2
Peddapalli,35,26.3,20.9,63.4
Peddapalli,36,28.9,22.9,72.1
Peddapalli,37,32.8,32.1,64.6
Peddapalli,38,33.3,52.9,65.5
Peddapalli,39,31.9,65.8,66.1
Peddapalli,40,28.0,72.8,62.0
Peddapalli,41,25.0,14.2,62.2
Peddapalli,42,23.1,17.5,51.5
Peddapalli,43,23.5,9.7,55.3
Peddapalli,44,22.3,7.4,55.9
Peddapalli,45,25.2,16.7,57.0
Peddapalli,46,22.2,12.8,64.9
Peddapalli,47,22.9,17.4,53.2
Peddapalli,48,26.9,18.5,62.0
Peddapalli,49,28.6,17.7,62.5
Peddapalli,50,29.4,8.8,50.2
Peddapalli,51,25.0,9.6,60.4
Peddapalli,52,29.6,9.3,57.1
Rajanna Sircilla,1,20.7,1.2,59.5
Rajanna Sircilla,2,22.2,9.5,54.6
Rajanna Sircilla,3,24.1,1.8,52.2
Rajanna Sircilla,4,21.4,0.2,47.8
Rajanna Sircilla,5,25.5,2.3,56.1
Rajanna Sircilla,6,21.7,3.7,58.5
Rajanna Sircilla,7,21.1,5.3,49.0
Rajanna Sircilla,8,25.9,5.1,59.3
Rajanna Sircilla,9,39.4,0.7,36.6
Rajanna Sircilla,10,38.7,1.4,41.6
Rajanna Sircilla,11,32.0,13.7,33.3
Rajanna Sircilla,12,33.0,6.8,40.0
Rajanna Sircilla,13,36.2,12.7,44.9
Rajanna Sircilla,14,36.1,9.2,43.4
Rajanna Sircilla,15,40.7,6.0,43.7
Rajanna Sircilla,16,37.1,6.7,38.9
Rajanna Sircilla,17,31.6,5.5,32.4
Rajanna Sircilla,18,32.8,11.9,35.1
Rajanna Sircilla,19,38.1,1.4,31.1
Rajanna Sircilla,20,35.9,6.5,38.2
Rajanna Sircilla,21,26.4,27.2,84.1
Rajanna Sircilla,22,33.2,76.9,67.0
Rajanna Sircilla,23,27.1,34.5,66.6
Rajanna Sircilla,24,33.2,52.0,75.4
Rajanna Sircilla,25,29.5,78.6,77.2
Rajanna Sircilla,26,32.6,62.7,84.4
Rajanna Sircilla,27,29.8,62.6,70.1
Rajanna Sircilla,28,29.8,39.2,61.3
Rajanna Sircilla,29,29.9,28.6,69.1
Rajanna Sircilla,30,27.5,44.9,62.9
Rajanna Sircilla,31,27.2,45.6,63.9
Rajanna Sircilla,32,26.6,68.2,63.1
Rajanna Sircilla,33,31.9,55.6,82.1
Rajanna Sircilla,34,32.9,59.3,66.9
Rajanna Sircilla,35,32.6,42.5,68.7
Rajanna Sircilla,36,28.0,28.7,82.0
Rajanna Sircilla,37,32.9,44.3,70.9
Rajanna Sircilla,38,32.7,72.6,80.8
Rajanna Sircilla,39,26.4,65.3,82.1
Rajanna Sircilla,40,32.9,69.1,76.8
Rajanna Sircilla,41,26.8,10.6,58.5
Rajanna Sircilla,42,25.4,17.3,53.3
Rajanna Sircilla,43,23.2,8.9,56.0
Rajanna Sircilla,44,22.6,5.1,59.5
Rajanna Sircilla,45,23.2,19.4,51.9
Rajanna Sircilla,46,23.5,15.8,63.4
Rajanna Sircilla,47,27.0,15.9,64.6
Rajanna Sircilla,48,26.3,8.8,51.5
Rajanna Sircilla,49,27.4,7.6,55.8
Rajanna Sircilla,50,28.2,18.4,59.5
Rajanna Sircilla,51,24.1,12.2,59.4
Rajanna Sircilla,52,28.0,17.1,60.2
Rangareddy,1,22.1,6.1,56.2
Rangareddy,2,24.8,3.6,55.3
Rangareddy,3,25.5,8.1,46.1
Rangareddy,4,24.5,5.8,52.6
Rangareddy,5,23.5,5.3,46.9
Rangareddy,6,20.5,6.2,57.7
Rangareddy,7,23.3,3.4,59.8
Rangareddy,8,21.4,9.7,53.0
Rangareddy,9,40.7,2.5,37.5
Rangareddy,10,36.2,8.2,38.0
Rangareddy,11,40.9,14.4,30.7
Rangareddy,12,37.1,3.3,35.6
Rangareddy,13,33.4,3.7,44.5
Rangareddy,14,39.1,3.0,33.2
Rangareddy,15,35.3,6.1,44.6
Rangareddy,16,30.2,5.4,43.2
Rangareddy,17,40.9,13.5,42.4
Rangareddy,18,40.9,10.1,32.4
Rangareddy,19,40.0,14.1,32.7
Rangareddy,20,38.5,10.9,35.9
Rangareddy,21,32.0,27.4,78.8
Rangareddy,22,29.7,20.5,77.7
Rangareddy,23,29.6,60.3,61.6
Rangareddy,24,33.9,59.0,66.4
Rangareddy,25,28.1,78.6,73.9
Rangareddy,26,31.8,25.8,75.5
Rangareddy,27,30.6,43.0,75.2
Rangareddy,28,29.8,40.9,80.9
Rangareddy,29,33.9,55.3,65.6
Rangareddy,30,33.6,28.1,80.3
Rangareddy,31,29.8,20.5,79.8
Rangareddy,32,33.4,62.7,79.8
Rangareddy,33,28.1,55.9,84.8
Rangareddy,34,29.1,71.0,73.0
Rangareddy,35,28.7,35.8,67.3
Rangareddy,36,28.4,73.4,62.4
Rangareddy,37,27.0,62.1,82.8
Rangareddy,38,29.6,32.8,67.3
Rangareddy,39,30.5,33.5,69.6
Rangareddy,40,29.7,79.2,81.2
Rangareddy,41,23.4,5.3,54.0
Rangareddy,42,23.6,13.9,51.6
Rangareddy,43,22.3,14.7,55.5
Rangareddy,44,23.1,10.6,62.2
Rangareddy,45,26.3,13.8,60.2
Rangareddy,46,23.5,7.8,57.2
Rangareddy,47,23.1,6.5,51.5
Rangareddy,48,29.1,6.5,62.5
Rangareddy,49,22.8,15.8,60.4
Rangareddy,50,25.2,14.0,58.0
Rangareddy,51,25.5,8.6,52.6
Rangareddy,52,24.1,14.3,51.4
Sangareddy,1,23.5,0.5,55.0
Sangareddy,2,22.0,2.9,58.5
Sangareddy,3,22.3,3.1,58.5
Sangareddy,4,24.1,2.2,56.2
Sangareddy,5,23.2,5.1,59.4
Sangareddy,6,24.9,1.2,49.4
Sangareddy,7,20.6,4.3,59.5
Sangareddy,8,22.4,2.0,55.5
Sangareddy,9,32.2,9.3,37.1
Sangareddy,10,39.2,14.3,33.8
Sangareddy,11,36.9,6.1,39.1
Sangareddy,12,40.1,10.6,43.7
Sangareddy,13,38.0,1.6,31.0
Sangareddy,14,30.3,12.5,37.8
Sangareddy,15,30.2,6.8,30.2
Sangareddy,16,37.2,0.9,36.7
Sangareddy,17,36.0,10.1,39.8
Sangareddy,18,33.3,8.7,43.2
Sangareddy,19,39.3,8.9,37.1
Sangareddy,20,34.2,13.2,30.4
Sangareddy,21,30.0,65.2,68.2
Sangareddy,22,28.2,57.6,80.4
Sangareddy,23,27.5,29.5,62.2
Sangareddy,24,27.6,73.2,66.4
Sangareddy,25,30.9,72.8,64.5
Sangareddy,26,28.7,35.6,75.3
Sangareddy,27,26.8,59.8,75.9
Sangareddy,28,28.6,59.2,74.4
Sangareddy,29,28.0,75.1,73.2
Sangareddy,30,28.7,70.0,71.3
Sangareddy,31,26.3,34.4,81.8
Sangareddy,32,33.6,44.2,66.1
Sangareddy,33,27.9,70.2,64.2
Sangareddy,34,27.1,74.8,78.1
Sangareddy,35,26.6,59.2,61.2
Sangareddy,36,28.2,78.1,73.1
Sangareddy,37,28.6,21.8,71.5
Sangareddy,38,27.6,54.7,80.8
Sangareddy,39,30.3,68.3,79.9
Sangareddy,40,32.7,65.9,76.6
Sangareddy,41,23.5,18.4,57.0
Sangareddy,42,22.4,13.9,52.0
Sangareddy,43,29.1,12.2,64.8
Sangareddy,44,28.0,14.8,61.1
Sangareddy,45,29.4,10.6,52.2
Sangareddy,46,26.3,14.8,58.7
Sangareddy,47,23.1,19.3,64.4
Sangareddy,48,26.0,14.3,58.4
Sangareddy,49,24.1,14.8,54.4
Sangareddy,50,26.9,13.7,50.6
Sangareddy,51,24.8,14.3,64.5
Sangareddy,52,22.6,11.3,63.8
Siddipet,1,24.2,3.3,54.2
Siddipet,2,22.5,6.0,56.7
Siddipet,3,23.8,0.1,48.7
Siddipet,4,22.0,0.1,58.7
Siddipet,5,23.6,1.2,47.6
Siddipet,6,22.9,6.3,50.8
Siddipet,7,24.5,2.0,48.9
Siddipet,8,23.4,2.1,50.4
Siddipet,9,34.5,11.0,34.9
Siddipet,10,39.3,0.4,44.3
Siddipet,11,38.0,13.1,31.6
Siddipet,12,40.2,3.3,41.8
Siddipet,13,36.2,8.6,30.1
Siddipet,14,32.6,4.7,33.3
Siddipet,15,36.6,2.3,34.9
Siddipet,16,30.1,12.0,31.4
Siddipet,17,32.7,4.8,33.8
Siddipet,18,37.7,11.0,35.7
Siddipet,19,30.9,4.9,30.6
Siddipet,20,34.4,6.3,39.3
Siddipet,21,31.9,77.9,64.0
Siddipet,22,32.7,26.8,78.2
Siddipet,23,31.3,46.3,71.8
Siddipet,24,33.5,52.7,68.1
Siddipet,25,27.7,29.8,77.9
Siddipet,26,29.5,76.6,62.4
Siddipet,27,29.5,42.5,62.4
Siddipet,28,28.3,36.4,77.6
Siddipet,29,26.0,30.9,70.4
Siddipet,30,31.7,61.6,83.4
Siddipet,31,30.8,39.3,77.4
Siddipet,32,32.7,66.9,69.1
Siddipet,33,30.4,77.0,65.8
Siddipet,34,26.1,49.7,83.8
Siddipet,35,27.6,38.5,63.4
Siddipet,36,26.6,57.2,73.8
Siddipet,37,31.1,67.2,82.2
Siddipet,38,28.7,54.4,60.6
Siddipet,39,29.7,75.2,63.0
Siddipet,40,33.1,54.4,63.0
Siddipet,41,24.6,13.4,63.9
Siddipet,42,29.5,5.1,62.6
Siddipet,43,25.8,14.9,59.7
Siddipet,44,22.2,13.7,64.1
Siddipet,45,22.2,14.1,63.4
Siddipet,46,23.7,11.0,58.3
Siddipet,47,25.0,17.1,54.9
Siddipet,48,24.4,9.4,61.7
Siddipet,49,24.3,13.2,53.6
Siddipet,50,26.6,18.4,53.4
Siddipet,51,29.9,8.4,53.3
Siddipet,52,25.6,14.6,59.5
Suryapet,1,25.4,6.4,54.9
Suryapet,2,20.5,9.6,59.1
Suryapet,3,24.9,1.8,59.3
Suryapet,4,22.9,4.2,52.5
Suryapet,5,22.0,1.8,51.9
Suryapet,6,24.3,6.2,57.6
Suryapet,7,22.4,9.3,49.0
Suryapet,8,25.4,9.8,48.3
Suryapet,9,37.3,5.0,43.6
Suryapet,10,34.4,9.1,31.8
Suryapet,11,31.5,0.7,33.0
Suryapet,12,39.7,7.4,31.0
Suryapet,13,31.6,1.3,37.6
Suryapet,14,35.8,11.6,33.6
Suryapet,15,38.8,2.5,32.3
Suryapet,16,35.0,4.5,30.6
Suryapet,17,30.2,3.8,35.5
Suryapet,18,31.3,2.2,33.0
Suryapet,19,30.7,11.1,30.4
Suryapet,20,36.7,9.8,43.9
Suryapet,21,30.7,42.0,80.6
Suryapet,22,29.7,73.0,66.7
Suryapet,23,27.3,39.7,62.5
Suryapet,24,26.1,21.3,82.2
Suryapet,25,31.0,28.9,71.4
Suryapet,26,28.5,73.5,61.5
Suryapet,27,26.7,48.4,65.9
Suryapet,28,28.0,21.9,76.6
Suryapet,29,27.4,30.9,60.1
Suryapet,30,32.0,41.1,70.7
Suryapet,31,28.1,57.3,63.8
Suryapet,32,29.7,66.0,60.7
Suryapet,33,30.9,35.0,60.7
Suryapet,34,30.9,48.9,75.0
Suryapet,35,33.3,49.1,82.9
Suryapet,36,31.9,21.8,67.8
Suryapet,37,31.0,32.0,84.1
Suryapet,38,29.1,55.4,73.0
Suryapet,39,33.8,68.3,75.6
Suryapet,40,29.9,74.2,81.1
Suryapet,41,28.7,17.3,56.8
Suryapet,42,22.2,11.5,60.4
Suryapet,43,22.8,11.0,57.4
Suryapet,44,26.2,19.7,54.6
Suryapet,45,23.5,11.8,55.1
Suryapet,46,28.1,10.8,61.4
Suryapet,47,24.7,7.9,52.5
Suryapet,48,29.4,15.6,61.9
Suryapet,49,29.4,16.8,55.1
Suryapet,50,29.3,19.6,59.0
Suryapet,51,23.4,16.5,57.8
Suryapet,52,29.0,10.9,59.3
Vikarabad,1,20.6,3.0,47.8
Vikarabad,2,23.2,0.4,48.7
Vikarabad,3,25.0,5.8,58.6
Vikarabad,4,22.5,6.6,52.7
Vikarabad,5,22.2,1.4,57.9
Vikarabad,6,20.9,6.9,51.3
Vikarabad,7,21.0,2.1,56.4
Vikarabad,8,24.6,9.3,58.6
Vikarabad,9,34.3,4.2,34.6
Vikarabad,10,37.7,2.0,39.6
Vikarabad,11,32.1,13.9,36.0
Vikarabad,12,34.0,12.3,32.9
Vikarabad,13,36.2,4.6,40.2
Vikarabad,14,40.4,7.3,39.0
Vikarabad,15,34.2,5.9,39.1
Vikarabad,16,31.8,10.2,38.2
Vikarabad,17,33.1,1.5,30.8
Vikarabad,18,39.1,12.3,30.9
Vikarabad,19,40.1,2.4,36.8
Vikarabad,20,38.9,1.5,31.8
Vikarabad,21,29.0,43.4,62.0
Vikarabad,22,26.4,40.7,80.3
Vikarabad,23,30.3,40.7,61.7
Vikarabad,24,31.9,68.2,63.9
Vikarabad,25,27.1,33.9,75.2
Vikarabad,26,30.8,23.0,81.9
Vikarabad,27,29.7,25.5,83.4
Vikarabad,28,29.0,47.9,60.2
Vikarabad,29,33.0,75.5,66.2
Vikarabad,30,27.9,76.1,78.4
Vikarabad,31,26.0,42.0,66.7
Vikarabad,32,30.7,24.5,62.0
Vikarabad,33,33.7,27.0,82.8
Vikarabad,34,32.5,69.2,63.9
Vikarabad,35,30.2,42.9,83.5
Vikarabad,36,32.2,59.8,60.4
Vikarabad,37,26.8,45.9,61.4
Vikarabad,38,28.2,72.7,66.3
Vikarabad,39,28.9,20.2,83.1
Vikarabad,40,33.4,62.3,64.0
Vikarabad,41,22.4,7.4,53.3
Vikarabad,42,28.3,13.4,56.2
Vikarabad,43,23.7,5.1,53.5
Vikarabad,44,25.1,9.1,57.9
Vikarabad,45,27.4,12.0,58.7
Vikarabad,46,28.4,15.1,59.3
Vikarabad,47,22.5,6.7,58.7
Vikarabad,48,23.2,6.5,54.8
Vikarabad,49,22.0,16.7,60.0
Vikarabad,50,28.7,10.0,59.5
Vikarabad,51,28.1,5.6,62.8
Vikarabad,52,23.8,13.6,60.1
Wanaparthy,1,23.7,8.5,47.5
Wanaparthy,2,23.9,0.2,46.6
Wanaparthy,3,21.0,6.3,56.1
Wanaparthy,4,25.7,5.4,50.2
Wanaparthy,5,24.8,6.2,48.6
Wanaparthy,6,24.1,0.5,51.4
Wanaparthy,7,26.0,9.0,53.6
Wanaparthy,8,24.3,4.9,47.0
Wanaparthy,9,40.9,13.7,32.0
Wanaparthy,10,35.6,6.4,38.6
Wanaparthy,11,34.5,10.6,31.3
Wanaparthy,12,30.8,3.8,34.3
Wanaparthy,13,31.1,9.2,43.9
Wanaparthy,14,32.9,5.6,40.3
Wanaparthy,15,35.0,14.6,34.6
Wanaparthy,16,30.6,10.1,42.4
Wanaparthy,17,40.1,9.0,32.8
Wanaparthy,18,36.9,9.5,33.3
Wanaparthy,19,32.3,3.8,40.2
Wanaparthy,20,31.8,5.7,32.4
Wanaparthy,21,30.5,60.2,63.9
Wanaparthy,22,32.2,35.5,68.6
Wanaparthy,23,28.4,71.0,72.9
Wanaparthy,24,26.1,39.8,80.8
Wanaparthy,25,27.8,30.0,74.4
Wanaparthy,26,30.6,72.3,61.3
Wanaparthy,27,28.7,64.4,68.0
Wanaparthy,28,28.9,62.3,77.5
Wanaparthy,29,30.8,32.4,75.3
Wanaparthy,30,33.9,23.7,81.8
Wanaparthy,31,28.5,27.7,83.3
Wanaparthy,32,33.5,59.1,69.4
Wanaparthy,33,26.1,37.2,66.8
Wanaparthy,34,32.1,20.2,80.5
Wanaparthy,35,29.4,56.4,78.2
Wanaparthy,36,26.7,53.5,82.7
Wanaparthy,37,26.3,23.1,63.2
Wanaparthy,38,26.2,32.5,70.0
Wanaparthy,39,29.5,72.8,76.2
Wanaparthy,40,27.9,69.3,61.5
Wanaparthy,41,29.8,11.8,55.3
Wanaparthy,42,25.0,19.6,64.7
Wanaparthy,43,24.1,9.0,63.2
Wanaparthy,44,24.3,15.4,62.0
Wanaparthy,45,27.4,15.3,58.1
Wanaparthy,46,22.2,9.1,52.6
Wanaparthy,47,22.5,16.0,55.8
Wanaparthy,48,23.0,20.0,59.2
Wanaparthy,49,24.1,12.0,60.1
Wanaparthy,50,25.8,17.8,51.0
Wanaparthy,51,24.3,16.9,54.6
Wanaparthy,52,25.5,13.5,53.3
Warangal,1,20.8,9.3,59.0
Warangal,2,23.7,7.1,56.0
Warangal,3,20.8,3.6,50.8
Warangal,4,22.3,6.5,48.8
Warangal,5,22.5,6.4,47.9
Warangal,6,23.9,4.3,55.4
Warangal,7,21.6,3.4,53.0
Warangal,8,22.3,7.9,48.4
Warangal,9,31.1,12.7,36.7
Warangal,10,31.6,14.7,43.4
Warangal,11,34.0,2.3,32.0
Warangal,12,40.1,3.4,32.2
Warangal,13,39.9,3.9,31.7
Warangal,14,33.5,4.7,33.6
Warangal,15,41.9,3.7,37.6
Warangal,16,37.1,11.8,30.0
Warangal,17,35.3,5.2,42.6
Warangal,18,35.0,13.1,33.2
Warangal,19,38.0,6.9,31.8
Warangal,20,34.2,3.6,43.1
Warangal,21,32.2,63.4,76.5
Warangal,22,27.2,61.8,72.3
Warangal,23,29.3,69.3,66.3
Warangal,24,28.9,39.2,76.5
Warangal,25,32.7,28.4,70.4
Warangal,26,29.9,41.9,64.0
Warangal,27,28.3,35.5,68.1
Warangal,28,28.6,60.6,69.7
Warangal,29,30.7,25.6,66.9
Warangal,30,31.7,65.8,63.8
Warangal,31,26.8,58.0,71.9
Warangal,32,27.8,43.3,82.8
Warangal,33,29.3,50.8,79.2
Warangal,34,27.8,32.0,61.4
Warangal,35,28.4,36.1,71.5
Warangal,36,29.5,44.8,74.8
Warangal,37,29.9,59.2,70.0
Warangal,38,32.9,20.9,80.0
Warangal,39,31.3,25.8,61.5
Warangal,40,26.5,27.0,60.4
Warangal,41,26.9,19.5,53.0
Warangal,42,23.1,18.9,62.7
Warangal,43,25.5,9.0,61.5
Warangal,44,28.4,14.3,55.3
Warangal,45,24.4,19.2,50.4
Warangal,46,22.9,11.4,59.0
Warangal,47,27.1,12.4,53.4
Warangal,48,24.0,6.1,53.7
Warangal,49,30.0,19.0,50.4
Warangal,50,25.9,16.0,60.8
Warangal,51,26.8,15.8,59.1
Warangal,52,25.8,15.4,61.0
Yadadri Bhuvanagiri,1,21.2,9.5,52.1
Yadadri Bhuvanagiri,2,20.2,6.2,57.9
Yadadri Bhuvanagiri,3,23.5,4.6,48.2
Yadadri Bhuvanagiri,4,25.0,1.9,48.3
Yadadri Bhuvanagiri,5,24.0,9.4,48.3
Yadadri Bhuvanagiri,6,24.9,9.8,50.0
Yadadri Bhuvanagiri,7,22.8,4.6,49.0
Yadadri Bhuvanagiri,8,20.2,0.2,52.8
Yadadri Bhuvanagiri,9,33.3,4.2,31.6
Yadadri Bhuvanagiri,10,41.9,8.8,35.1
Yadadri Bhuvanagiri,11,37.9,6.1,31.8
Yadadri Bhuvanagiri,12,41.3,11.6,39.9
Yadadri Bhuvanagiri,13,36.6,12.4,39.9
Yadadri Bhuvanagiri,14,30.3,11.0,36.8
Yadadri Bhuvanagiri,15,30.9,11.4,33.7
Yadadri Bhuvanagiri,16,35.7,5.7,42.3
Yadadri Bhuvanagiri,17,31.0,11.1,32.4
Yadadri Bhuvanagiri,18,33.6,5.9,32.6
Yadadri Bhuvanagiri,19,37.0,3.3,36.3
Yadadri Bhuvanagiri,20,38.7,1.9,33.7
Yadadri Bhuvanagiri,21,33.1,64.8,80.3
Yadadri Bhuvanagiri,22,31.7,24.8,62.1
Yadadri Bhuvanagiri,23,27.1,39.5,63.8
Yadadri Bhuvanagiri,24,28.4,39.2,60.2
Yadadri Bhuvanagiri,25,31.9,42.9,81.4
Yadadri Bhuvanagiri,26,33.1,21.2,81.7
Yadadri Bhuvanagiri,27,27.5,31.9,77.6
Yadadri Bhuvanagiri,28,26.1,27.5,61.7
Yadadri Bhuvanagiri,29,28.2,51.1,76.0
Yadadri Bhuvanagiri,30,33.4,27.7,80.0
Yadadri Bhuvanagiri,31,32.8,65.8,69.3
Yadadri Bhuvanagiri,32,26.3,43.2,72.3
Yadadri Bhuvanagiri,33,30.3,59.2,82.5
Yadadri Bhuvanagiri,34,29.4,55.7,81.4
Yadadri Bhuvanagiri,35,31.0,53.6,67.1
Yadadri Bhuvanagiri,36,31.0,42.0,63.0
Yadadri Bhuvanagiri,37,27.2,24.4,80.3
Yadadri Bhuvanagiri,38,30.7,40.7,66.2
Yadadri Bhuvanagiri,39,29.9,75.5,71.6
Yadadri Bhuvanagiri,40,31.4,23.7,76.6
Yadadri Bhuvanagiri,41,28.4,7.2,63.0
Yadadri Bhuvanagiri,42,25.6,19.6,50.5
Yadadri Bhuvanagiri,43,26.9,8.0,62.7
Yadadri Bhuvanagiri,44,28.7,6.5,51.5
Yadadri Bhuvanagiri,45,28.2,18.1,54.8
Yadadri Bhuvanagiri,46,27.7,15.4,64.0
Yadadri Bhuvanagiri,47,23.7,10.7,58.0
Yadadri Bhuvanagiri,48,25.8,18.5,62.2
Yadadri Bhuvanagiri,49,29.4,6.6,56.3
Yadadri Bhuvanagiri,50,28.9,17.0,62.1
Yadadri Bhuvanagiri,51,22.8,11.4,56.8
Yadadri Bhuvanagiri,52,23.8,16.0,56.8
